id,content,source,scraped_at
58,"Novixpert Tech Inc is hiring Machine Learning Engineer!Position: Machine Learning EngineerQualifications: Bachelorâ€™s DegreeSalary: INR 3 - 4 LPAExperience: 0 - 3 yearsLocation: Jaipur, IndiağŸ“ŒApply Link:https://cuvette.tech/app/public/job/690ddd7c59e914666309ef72?referralCode=KJ12IGğŸ‘‰WhatsApp Channel:https://whatsapp.com/channel/0029Vaog2gOLNSa9xawdms1mğŸ‘‰Telegram Link:https://t.me/OffcampusjobupdatesliveğŸ˜ƒğŸ‘‰Share this Job info to all your Friends and Groupsâœ…",https://t.me/s/offcampusjobupdateslive,2025-11-18 04:54:21
59,"Free HTML, CSS & JavaScript Training + Certificate!ğŸ’»ğŸš€Learn how to build websites using HTML, CSS, and JavaScript!ğŸŒPerfect for beginnersâ€“ No coding experience needed!âœ…Only500 seatsleft!ğŸ˜³Register now (100% Free)ğŸ‘‡https://forms.gle/b7PpZgjCqgSrKFEy5",https://t.me/s/offcampusjobupdateslive,2025-11-18 04:54:21
60,"Outbox Labs is hiring for Backend Developer! (Hybrid)Position: Backend DeveloperQualifications: Bachelorâ€™s DegreeSalary: INR 10 - 12 LPAExperience: FreshersLocation: Bengaluru, India (Hybrid)ğŸ“ŒApply Link:https://go.acciojob.com/NwFeQMğŸ‘‰WhatsApp Channel:https://whatsapp.com/channel/0029Vaog2gOLNSa9xawdms1mğŸ‘‰Telegram Link:https://t.me/OffcampusjobupdatesliveğŸ˜ƒğŸ‘‰Share this Job info to all your Friends and Groupsâœ…",https://t.me/s/offcampusjobupdateslive,2025-11-18 04:54:21
61,Altiosoft is hiring for Network Engineer Internship!Position: Network Engineer InternQualifications: Bachelorâ€™s DegreeSalary: INR 12k - 15k / monthExperience: FreshersLocation: Work from homeğŸ“ŒApply Link:https://cuvette.tech/app/public/internship/6910c5b159e91466631f1bb1?referralCode=KJ12IGğŸ‘‰WhatsApp Channel:https://whatsapp.com/channel/0029Vaog2gOLNSa9xawdms1mğŸ‘‰Telegram Link:https://t.me/OffcampusjobupdatesliveğŸ˜ƒğŸ‘‰Share this Job info to all your Friends and Groupsâœ…,https://t.me/s/offcampusjobupdateslive,2025-11-18 04:54:21
62,Optionbox is hiring for Machine Learning Engineer!Position: Machine Learning EngineerQualifications: Bachelorâ€™s DegreeSalary: INR 3 - 4 LPAExperience: 0-3 yearsLocation: Work from homeğŸ“ŒApply Link:https://cuvette.tech/app/public/job/68f1c8a859e9146663f6ca11?referralCode=KJ12IGğŸ‘‰WhatsApp Channel:https://whatsapp.com/channel/0029Vaog2gOLNSa9xawdms1mğŸ‘‰Telegram Link:https://t.me/OffcampusjobupdatesliveğŸ˜ƒğŸ‘‰Share this Job info to all your Friends and Groupsâœ…,https://t.me/s/offcampusjobupdateslive,2025-11-18 04:54:21
63,"Learn Free Frontend Development in 30 DaysğŸš€Day 1-5: UI/UX basics (Figma).Day 6-14: Master HTML & CSS.Day 15-21: Dive into JavaScript.Day 21-25: Design-to-code.Day 26-30: Build projects.Free Frontend UI/UX Masterclass with Certification, Limited 87 seats available! Register nowğŸ‘‡https://link.guvi.in/coderslearning02525",https://t.me/s/offcampusjobupdateslive,2025-11-18 04:54:21
64,Java Backend Developer Walk-In Hiring Drive Alert across multiple locations!Position: Java Backend DeveloperQualifications: Bachelorâ€™s DegreeSalary: INR 9 LPA - 14 LPAExperience: FreshersLocation: Across IndiağŸ“ŒApply Link:https://go.acciojob.com/zsV6xkğŸ‘‰WhatsApp Channel:https://whatsapp.com/channel/0029Vaog2gOLNSa9xawdms1mğŸ‘‰Telegram Link:https://t.me/OffcampusjobupdatesliveğŸ˜ƒğŸ‘‰Share this Job info to all your Friends and Groupsâœ…,https://t.me/s/offcampusjobupdateslive,2025-11-18 04:54:21
65,"New Jobs Alert for Students and Freshers!ğŸ’»ğŸš€VegaStack is hiring for Full-Stack Developer!Position: Full-Stack Developer InternQualifications: Bachelorâ€™s DegreeSalary: INR 4 - 5 LPAExperience: 0-3 yearsLocation: Bengaluru, IndiağŸ“ŒApply Link:https://cuvette.tech/app/public/job/691467b259e91466633be879?referralCode=KJ12IGWhitecarrot is hiring for Full-Stack Developer!Position: Full-Stack DeveloperQualifications: Bachelorâ€™s DegreeSalary: INR 6 - 8 LPAExperience: 0-3 yearsLocation: Work from homeğŸ“ŒApply Link:https://cuvette.tech/app/public/job/69143a8359e91466633a630d?referralCode=KJ12IGKuvi Networks is hiring for Full-Stack Developer!Position: Full-Stack DeveloperQualifications: Bachelorâ€™s DegreeSalary: INR 5.5 - 6 LPAExperience: 0-3 yearsLocation: Bengaluru, IndiağŸ“ŒApply Link:https://cuvette.tech/app/public/job/6914127a59e914666338a6cc?referralCode=KJ12IGNovixpert Tech Inc is hiring Machine Learning Engineer!Position: Machine Learning EngineerQualifications: Bachelorâ€™s DegreeSalary: INR 3 - 4 LPAExperience: 0 - 3 yearsLocation: Jaipur, IndiağŸ“ŒApply Link:https://cuvette.tech/app/public/job/690ddd7c59e914666309ef72?referralCode=KJ12IGTrixno is hiring for Backend Developer!Position: Backend DeveloperQualifications: Bachelorâ€™s DegreeSalary: INR 4 - 5 LPAExperience: 0-3 yearsLocation: Work from homeğŸ“ŒApply Link:https://cuvette.tech/app/public/job/6905deae59e9146663c53258?referralCode=KJ12IGOptionboxis hiring for Machine Learning Engineer!Position: Machine Learning EngineerQualifications: Bachelorâ€™s DegreeSalary: INR 3 - 4 LPAExperience: 0-3 yearsLocation: Work from homeğŸ“ŒApply Link:https://cuvette.tech/app/public/job/68f1c8a859e9146663f6ca11?referralCode=KJ12IGGrowthGearis hiring for Data Analyst!Position: Data AnalystQualifications: Bachelorâ€™s DegreeSalary: INR 3 - 4 LPAExperience: 0-3 yearsLocation: Delhi, IndiağŸ“ŒApply Link:https://cuvette.tech/app/public/job/68f1414859e9146663efa37c?referralCode=KJ12IGğŸ‘‰WhatsApp Channel:https://whatsapp.com/channel/0029Vaog2gOLNSa9xawdms1mğŸ‘‰Telegram Link:https://t.me/OffcampusjobupdatesliveğŸ˜ƒğŸ‘‰Share this Jobs info to all your Friends and Groupsâœ…",https://t.me/s/offcampusjobupdateslive,2025-11-18 04:54:21
66,Full-Stack Development RoadmapğŸš€ğŸ“Day 1â€“20:HTML & CSSğŸ“Day 21â€“40:JavaScript (Basics â†’ Advanced)ğŸ“Day 41â€“50:Bootstrap + Responsive DesignğŸ“Day 51â€“80:React JSğŸ“Day 81â€“110:Node.js + ExpressğŸ“Day 111â€“130:MongoDB + APIsğŸ“Day 131â€“150:Full-Stack Projects + CertificationCourse + Certificate + ProjectsğŸ‘‡https://go.acciojob.com/MNcGQh,https://t.me/s/offcampusjobupdateslive,2025-11-18 04:54:21
67,Buzzli is hiring for Frontend Developer Internship!Position: Frontend Developer InternQualifications: Bachelorâ€™s DegreeSalary: INR 10k - 15k / monthExperience: FreshersLocation: Work from homeğŸ“ŒApply Link:https://cuvette.tech/app/public/internship/6915b64c59e914666349931f?referralCode=KJ12IGğŸ‘‰WhatsApp Channel:https://whatsapp.com/channel/0029Vaog2gOLNSa9xawdms1mğŸ‘‰Telegram Link:https://t.me/OffcampusjobupdatesliveğŸ˜ƒğŸ‘‰Share this Job info to all your Friends and Groupsâœ…,https://t.me/s/offcampusjobupdateslive,2025-11-18 04:54:21
68,"Siemensis hiring for Software Developer!Position: Software DeveloperQualifications: Bachelorâ€™s DegreeExperience: Freshers / ExperiencedLocation: Bangalore; Pune, IndiağŸ“ŒApply Now:https://jobs.siemens.com/en_US/externaljobs/JobDetail/484674ğŸ‘‰WhatsApp Channel:https://whatsapp.com/channel/0029Vaog2gOLNSa9xawdms1mğŸ‘‰Telegram Link:https://t.me/OffcampusjobupdatesliveğŸ˜ƒğŸ‘‰Share this Job info to all your Friends and Groupsâœ…",https://t.me/s/offcampusjobupdateslive,2025-11-18 04:54:21
69,"ğ’&ğ ğ†ğ¥ğ¨ğ›ğšğ¥ - ğ’ğ®ğ¦ğ¦ğğ« ğˆğ§ğ­ğğ«ğ§ğ¬ğ¡ğ¢ğ©!Position: Summer Intern â€“ Software DevelopmentQualifications: Bachelorâ€™s/ Masterâ€™s DegreeExperience: FreshersLocation: Bangalore, IndiağŸ“ŒApplyÂ Now:https://careers.spglobal.com/jobs/322725?lang=en-usğŸ‘‰WhatsApp Channel:https://whatsapp.com/channel/0029Vaog2gOLNSa9xawdms1mğŸ‘‰Telegram Link:https://t.me/OffcampusjobupdatesliveğŸ˜ƒğŸ‘‰Share this Job info to all your Friends and Groupsâœ…",https://t.me/s/offcampusjobupdateslive,2025-11-18 04:54:21
70,"Data Analytics RoadmapğŸš€ğŸ“Day 1â€“30:Python (Basics â†’ Data Handling)ğŸ“Day 31â€“50:Excel (Formulas, Pivot Tables, Dashboards)ğŸ“Day 51â€“80:SQL (Basics â†’ Advanced Joins + Queries)ğŸ“Day 81â€“110:Power BI (Data Cleaning, DAX, Dashboards)ğŸ“Day 111â€“130:Statistics (Basics â†’ Regression & Testing)ğŸ“Day 131â€“150:Data Analysis with Pandas + NumPyğŸ“Day 151â€“180:Real Projects + Portfolio + CertificationCourse + Certificate + ProjectsğŸ‘‡https://go.acciojob.com/bY4Z6A",https://t.me/s/offcampusjobupdateslive,2025-11-18 04:54:21
71,AS Watson is hiring for Data Analyst! (Remote)Position: Data AnalystQualifications: Bachelorâ€™s DegreeSalary: INR 5 - 9 LPAExperience: FreshersLocation: RemoteğŸ“ŒApply Link:https://cuvette.tech/app/other-jobs/68dbb54b18a8bb64c84b30bd?referralCode=KJ12IGğŸ‘‰WhatsApp Channel:https://whatsapp.com/channel/0029Vaog2gOLNSa9xawdms1mğŸ‘‰Telegram Link:https://t.me/OffcampusjobupdatesliveğŸ˜ƒğŸ‘‰Share this Job info to all your Friends and Groupsâœ…,https://t.me/s/offcampusjobupdateslive,2025-11-18 04:54:21
72,"Athelas is hiring for Data Operation Analyst!Position: Data Operation AnalystQualifications: Bachelorâ€™s DegreeSalary: INR 5 - 10 LPAExperience: FreshersLocation: Gurgaon, IndiağŸ“ŒApply Link:https://cuvette.tech/app/other-jobs/68dbb5f68bd4c27d16c63cf6?referralCode=KJ12IGğŸ‘‰WhatsApp Channel:https://whatsapp.com/channel/0029Vaog2gOLNSa9xawdms1mğŸ‘‰Telegram Link:https://t.me/OffcampusjobupdatesliveğŸ˜ƒğŸ‘‰Share this Job info to all your Friends and Groupsâœ…",https://t.me/s/offcampusjobupdateslive,2025-11-18 04:54:21
73,"Amazon is hiring for Software Dev Engineer!Position: Software Dev EngineerQualifications: Bachelorâ€™s DegreeSalary: INR 12 - 18 LPAExperience: Freshers / ExperienceLocation: Bengaluru, Hyderabad, Chennai â€” IndiağŸ“ŒApply Link:https://cuvette.tech/app/other-jobs/68e0d24486aa6ad8644e6319?referralCode=KJ12IGğŸ‘‰WhatsApp Channel:https://whatsapp.com/channel/0029Vaog2gOLNSa9xawdms1mğŸ‘‰Telegram Link:https://t.me/OffcampusjobupdatesliveğŸ˜ƒğŸ‘‰Share this Job info to all your Friends and Groupsâœ…",https://t.me/s/offcampusjobupdateslive,2025-11-18 04:54:21
74,"Airtel is hiring for Software Development Engineer - IPosition: Software Development Engineer - IQualifications: Bachelorâ€™s DegreeSalary: INR 8 - 12 LPAExperience: Freshers / ExperiencedLocation: Gurgaon, IndiağŸ“ŒApply Link:https://cuvette.tech/app/other-jobs/68e0d1c12759bc39243d32d3?referralCode=KJ12IGğŸ‘‰WhatsApp Channel:https://whatsapp.com/channel/0029Vaog2gOLNSa9xawdms1mğŸ‘‰Telegram Link:https://t.me/OffcampusjobupdatesliveğŸ˜ƒğŸ‘‰Share this Job info to all your Friends and Groupsâœ…",https://t.me/s/offcampusjobupdateslive,2025-11-18 04:54:21
75,"IBM is hiring for Software Developer!Position: Software DeveloperQualifications: Bachelorâ€™s DegreeSalary: INR 6 - 12 LPAExperience: Freshers / ExperienceLocation: Ahmedabad, IndiağŸ“ŒApply Link:https://cuvette.tech/app/other-jobs/68dbb43167c0ca6e9709addd?referralCode=KJ12IGğŸ‘‰WhatsApp Channel:https://whatsapp.com/channel/0029Vaog2gOLNSa9xawdms1mğŸ‘‰Telegram Link:https://t.me/OffcampusjobupdatesliveğŸ˜ƒğŸ‘‰Share this Job info to all your Friends and Groupsâœ…",https://t.me/s/offcampusjobupdateslive,2025-11-18 04:54:21
76,"AntStack is hiring for Frontend / Backend Developer!Position: Frontend / Backend DeveloperQualifications: Bachelorâ€™s DegreeSalary: INR 4.5 - 6 LPAExperience: FreshersLocation: Bengaluru, IndiağŸ“ŒApply Link for Frontend Developer:https://go.acciojob.com/dkt86TğŸ“ŒApply Link for Backend Developer:https://go.acciojob.com/a6TArRğŸ‘‰WhatsApp Channel:https://whatsapp.com/channel/0029Vaog2gOLNSa9xawdms1mğŸ‘‰Telegram Link:https://t.me/OffcampusjobupdatesliveğŸ˜ƒğŸ‘‰Share this Job info to all your Friends and Groupsâœ…",https://t.me/s/offcampusjobupdateslive,2025-11-18 04:54:21
38,Cognizant Off Campus Walk In Drive 2025[ Walk In Date :9th Aug 2025]Job Role :Non Voice ProcessExperience :FreshersQualification :Any DegreeYear of Passing:2023/2024/2025ğŸ”—Link :https://www.jobsorigin.com/2020/11/cognizant-hiring-freshers-for-associate-position.htmlCognizant Off Campus Drive 2025 for Non Voice ProcessÂ PositionJoin Whatsapp Group :https://chat.whatsapp.com/CBxoEJnNXFN7d3i6DUhhAxâœ…Join Telegram Group:https://telegram.me/joinjobsorigin-----------------------------,https://t.me/s/joinjobsorigin,2025-11-18 04:54:18
39,"TCS off Campus Freshers Recruitment[ Walk In Date:11th Aug 2025]Job Role :BPSExperience :FreshersQualification :BCom, BAF, BBI, BBA, BBM, BMS, BA, BScYear of Passing:2024/2025ğŸ”—Link :https://www.jobsorigin.com/2021/12/tcs-bps-off-campus-hiring.htmlTCS BPS Off Campus Hiring Freshers Drive 2025âœ…Join Whatsapp Group :https://chat.whatsapp.com/CBxoEJnNXFN7d3i6DUhhAxâœ…Join Telegram Group:https://telegram.me/joinjobsorigin-----------------------------",https://t.me/s/joinjobsorigin,2025-11-18 04:54:18
40,"Capgemini Off Campus Freshers RecruitmentJob Role :NetworkEngineerExperience :FreshersQualification :BE/BTech/MCAYear of Passing:2025Salary:â‚¹4,00,000/- per annumğŸ”—Link :https://www.jobsorigin.com/2021/01/capgemini-off-campus-freshers-drive.htmlCapgemini Off Campus Drive 2025 for Network Engineer Positionâœ…Join Whatsapp Group :https://chat.whatsapp.com/CBxoEJnNXFN7d3i6DUhhAxâœ…Join Telegram Group:https://telegram.me/joinjobsorigin-------------------------",https://t.me/s/joinjobsorigin,2025-11-18 04:54:18
41,"L&T Off Campus Freshers Recruitment[ Last Date:13th Aug 2025]Job Role :Engineer TraineeExperience :FreshersQualification:BE/BTechYear of Passing:2025Salary:â‚¹4,00,100/- per annumğŸ”—Link :https://www.jobsorigin.com/2021/01/lnt-technology-off-campus-drive.htmlL&T Off CampusÂ Drive 2025 for Associate Engineer Trainee Positionâœ…Join Whatsapp Group :https://chat.whatsapp.com/CBxoEJnNXFN7d3i6DUhhAxâœ…Join Telegram Group:https://telegram.me/joinjobsorigin-----------------------------",https://t.me/s/joinjobsorigin,2025-11-18 04:54:18
42,Cognizant Off Campus Freshers Recruitment 2025[ Walk In Date:20th August 2025]Job Role:Analyst TraineeExperience:FreshersQualification:BSc/BCAYear of Passing: 2022/2023/2024/2025ğŸ”—Link :https://www.jobsorigin.com/2020/10/cognizant-off-campus-freshers-hiring.htmlCognizant Off Campus Drive 2025 for Analyst Trainee Positionâœ…Join Whatsapp Group :https://chat.whatsapp.com/CBxoEJnNXFN7d3i6DUhhAxâœ…Join Telegram Group:https://telegram.me/joinjobsorigin-----------------------------,https://t.me/s/joinjobsorigin,2025-11-18 04:54:18
43,Tech Mahindra Off Campus Walk In Drive 2025[ Walk In Date:19th - 28th Aug 2025]Job Role :Customer ExecutiveExperience:0-3 YearsQualification :Any DegreeğŸ”—Link :https://www.jobsorigin.com/2023/04/tech-mahindra-off-campus-drive.htmlTech Mahindra Off Campus Drive 2025 for Customer Executive Positionâœ…Join Whatsapp Group :https://chat.whatsapp.com/LQrT6xfyRzZ3PLvPqkhvTcâœ…Join Telegram Group:https://telegram.me/joinjobsorigin----------------------------,https://t.me/s/joinjobsorigin,2025-11-18 04:54:18
44,HCL Off Campus Walk In Drive 2025[ Walk In Date:22nd - 23rd Aug 2025]Job Role :Customer Service RepresentativeExperience :FreshersQualification:Any DegreeYear of Passing:AnyğŸ”—Link :https://www.jobsorigin.com/2021/09/hcl-off-campus-drive.htmlHCL Off Campus Off Campus Drive 2025 for CSRâœ…Join Whatsapp Group :https://chat.whatsapp.com/LQrT6xfyRzZ3PLvPqkhvTcâœ…Join Telegram Group:https://telegram.me/joinjobsorigin---------------------,https://t.me/s/joinjobsorigin,2025-11-18 04:54:18
45,Media .Net Off Campus Drive 2025[ Last Date:25th Aug 2025]Job Role :Web Application DeveloperExperience :FreshersQualification:BE/BTechYear of Passing:2024/2025ğŸ”—Link :https://www.jobsorigininfo.com/2025/08/media-net-off-campus-drive-2025.htmlMedia .net Off Campus Off Campus Drive 2025 for Application Developerâœ…Join Whatsapp Group :https://chat.whatsapp.com/LQrT6xfyRzZ3PLvPqkhvTcâœ…Join Telegram Group:https://telegram.me/joinjobsorigin---------------------,https://t.me/s/joinjobsorigin,2025-11-18 04:54:18
46,eClex Off Campus Drive 2025[ Last Date:25th Aug 2025]Job Role :Voice ProcessExperience :FreshersQualification:Any Non Tech DegreeYear of Passing:AnyğŸ”—Link :https://www.jobsorigininfo.com/2025/08/eclerx-off-campus-drive-2025.htmleClerx Off Campus Off Campus Drive 2025 for Voice Processâœ…Join Whatsapp Group :https://chat.whatsapp.com/LQrT6xfyRzZ3PLvPqkhvTcâœ…Join Telegram Group:https://telegram.me/joinjobsorigin---------------------,https://t.me/s/joinjobsorigin,2025-11-18 04:54:18
47,Infosys Off Campus Walk-In Recruitment2025[ Walk In Date:29th Aug 2025]Job Role :Service DeskExperience:0-1 YearsQualifications:Any Tech DegreeYear of Passing:AnyğŸ”—Link :https://www.jobsorigininfo.com/2024/06/infosys-walk-in-drive.htmlInfosys Off Campus Drive 2025 for Process Executiveâœ…Join Whatsapp Group :https://chat.whatsapp.com/LQrT6xfyRzZ3PLvPqkhvTcâœ…Join Telegram Group:https://telegram.me/joinjobsorigin-----------------------------,https://t.me/s/joinjobsorigin,2025-11-18 04:54:18
48,Cognizant Off Campus Freshers Recruitment 2025[ Walk In Date:30th August 2025]Job Role:Non Voice ProcessExperience:FreshersQualification:Any DegreeYear of Passing: 2023/2024/2025ğŸ”—Link :https://www.jobsorigininfo.com/2025/07/cognizant-walk-in-drive-2025.htmlCognizant Off Campus Drive 2025 for Non Voice Process Positionâœ…Join Whatsapp Group :https://chat.whatsapp.com/LQrT6xfyRzZ3PLvPqkhvTcâœ…Join Telegram Group:https://telegram.me/joinjobsorigin-----------------------------,https://t.me/s/joinjobsorigin,2025-11-18 04:54:18
49,"TCS off Campus Freshers Recruitment[ Walk In Date:31st Aug 2025]Job Role :BPSExperience :FreshersQualification :BCom, BAF, BBI, BBA, BBM, BMS, BA, BSc(Non Tech)Year of Passing:2024/2025ğŸ”—Link :https://www.jobsorigininfo.com/2025/07/tcs-bps-off-campus-drive-2025.htmlTCS BPS Off Campus Hiring Freshers Drive 2025âœ…Join Whatsapp Group :https://chat.whatsapp.com/LQrT6xfyRzZ3PLvPqkhvTcâœ…Join Telegram Group:https://telegram.me/joinjobsorigin-----------------------------",https://t.me/s/joinjobsorigin,2025-11-18 04:54:18
50,Swiggy Off Campus Freshers RecruitmentJob Role :Associate SoftwareEngineerExperience:0-1 YearsQualification :BE/BTechYear of Passing:2024/2025ğŸ”—Link :https://www.jobsorigininfo.com/2025/08/swiggy-off-campus-drive-2025.htmlSwiggy Off Campus Drive 2025 for Associate Software Engineer Positionâœ…Join Whatsapp Group :https://chat.whatsapp.com/LQrT6xfyRzZ3PLvPqkhvTcâœ…Join Telegram Group:https://telegram.me/joinjobsorigin--------------------------,https://t.me/s/joinjobsorigin,2025-11-18 04:54:18
51,"IBM Off Campus Freshers RecruitmentJob Role :Associate System EngineerExperience :FreshersQualification :BE/BTechYear of Passing:2026Salary:â‚¹4,50,000-â‚¹4,90,000/- per annumğŸ”—Link :https://www.jobsorigininfo.com/2025/08/ibm-off-campus-drive-associate-system-engineer.htmlIBM Off Campus Drive 2025Â for Associate System Engineer Positionâœ…Join Whatsapp Group :https://chat.whatsapp.com/LQrT6xfyRzZ3PLvPqkhvTcâœ…Join Telegram Group:https://telegram.me/joinjobsorigin-----------------------------",https://t.me/s/joinjobsorigin,2025-11-18 04:54:18
52,Mphasis Off Campus Walk In Drive 2025Job Role :Customer SupportExperience :0-2 YearsQualification :Any DegreeYear of Passing:AnyğŸ”—Link :https://www.jobsorigininfo.com/2025/09/mphasis-walk-in-drive-2025.htmlMphasis Off Campus Drive 2025Â for Customer Support Positionâœ…Join Whatsapp Group :https://chat.whatsapp.com/LQrT6xfyRzZ3PLvPqkhvTcâœ…Join Telegram Group:https://telegram.me/joinjobsorigin-----------------------------,https://t.me/s/joinjobsorigin,2025-11-18 04:54:18
53,Wipro Off Campus Freshers Recruitment 2025Job Role:WILPExperience:FreshersYear of Passing:2024/2025Benefits:Salary + MTech Degree(Sponsored by Wipro)ğŸ”—Link :https://www.jobsorigininfo.com/2025/01/wipro-work-integrated-learning-program.htmlWipro WILP Off Campus Hiring 2025 - BSc/BCAâœ…Join Whatsapp Group :https://chat.whatsapp.com/LQrT6xfyRzZ3PLvPqkhvTcâœ…Join Telegram Group:https://telegram.me/joinjobsorigin-----------------------,https://t.me/s/joinjobsorigin,2025-11-18 04:54:18
54,"TCS off Campus Freshers RecruitmentJob Role :BPSExperience :FreshersQualification :B.Com, BA, BAF, BBI, BBA, BBM, BMSYear of Passing:2026ğŸ”—Link :https://www.jobsorigininfo.com/2024/08/tcs-bps-hiring-2025.htmlTCS BPS Off Campus Hiring Freshers Drive 2026âœ…Join Whatsapp Group :https://chat.whatsapp.com/LQrT6xfyRzZ3PLvPqkhvTcâœ…Join Telegram Group:https://telegram.me/joinjobsorigin-----------------------------",https://t.me/s/joinjobsorigin,2025-11-18 04:54:18
55,Tech Mahindra Off Campus Freshers RecruitmentJob Role :Mechanical Engineering GraduateExperience :FreshersQualification :BE/BTechYear of Passing:2023/2024ğŸ”—Link :https://www.jobsorigininfo.com/2025/09/tech-mahindra-off-campus-drive.htmlTech Mahindra Off Campus Hiring Freshers Drive 2025âœ…Join Whatsapp Group :https://chat.whatsapp.com/LQrT6xfyRzZ3PLvPqkhvTcâœ…Join Telegram Group:https://telegram.me/joinjobsorigin-----------------------------,https://t.me/s/joinjobsorigin,2025-11-18 04:54:18
56,"Persistent Systems Off Campus Freshers RecruitmentJob Role :Associate Software EngineerExperience :FreshersQualification :BE, BTech, ME, MTech, MCA, MScYear of Passing:2023/2024/2025ğŸ”—Link :https://www.jobsorigininfo.com/2025/09/persistent-systems-off-campus-drive.htmlPersistent Systems Off Campus Hiring Freshers Drive 2025âœ…Join Whatsapp Group :https://chat.whatsapp.com/LQrT6xfyRzZ3PLvPqkhvTcâœ…Join Telegram Group:https://telegram.me/joinjobsorigin-----------------------------",https://t.me/s/joinjobsorigin,2025-11-18 04:54:18
57,Wipro Off Campus Walk In Drive 2025[ Walk In Date:22nd - 24th Sept 2025]Job Role :Non Voice ProcessExperience :FreshersQualifications:Any Non Tech DegreeYear of Passing :AnyğŸ”—Link :https://www.jobsorigininfo.com/2025/05/wipro-walkin-freshers-drive.htmlWipro Off Campus Walk In Drive 2025 for Non Voice Processâœ…Join Whatsapp Group :https://chat.whatsapp.com/LQrT6xfyRzZ3PLvPqkhvTcâœ…Join Telegram Group:https://telegram.me/joinjobsorigin-----------------------,https://t.me/s/joinjobsorigin,2025-11-18 04:54:18
21,ğŸ”´HCL Latest Hiring Freshers for Support AssociateExperience: FreshersEducation: Any GraduateSalary: Rs 3-4 LPA (Expected)Apply:https://kickcharm.com/hcl-recruitment-hiring-any-graduates/,https://t.me/s/fresher_offcampus_drives,2025-11-18 04:54:16
22,"Company :SynopsysRole :Technical Support EngineerDegree :BE/BTech in Mechanical/Aerospace Engineering, BS or MS in Computer Science, Engineering, or related field.Batches :2025 â€“ 2022Experience :0 â€“ 2 Yearâ€™sSalary :3 â€“ 8 LPA* (Expected)Location :Pune, IndiaApply Link :https://offcampusjobdrives.com/synopsys-career-2025-technical-support-engineer/",https://t.me/s/fresher_offcampus_drives,2025-11-18 04:54:16
23,ğŸš¨IBM Hiring Freshers for Process AssociateExperience: Freshers (0-1 Years)Education: Any GraduateSalary: Rs 4-6 LPA (Expected)Apply:https://kickcharm.com/ibm-recruitment-hiring-any-graduates/,https://t.me/s/fresher_offcampus_drives,2025-11-18 04:54:16
24,"Company :IBMRole :Quality Engineer-SDETDegree :Any Bachelorâ€™s DegreeBatches :2025 â€“ 2022Experience :0 â€“ 1 YearSalary :3 â€“ 8 LPA* (Expected)Location :Hyderabad, IndiaApply Link :https://offcampusjobdrives.com/ibm-recruitment-for-quality-engineer-sdet/",https://t.me/s/fresher_offcampus_drives,2025-11-18 04:54:16
25,ğŸš¨TCS Mass Hiring for Freshers Across IndiaExperience: FreshersEducation: Any DegreeLocation: PAN IndiaSalary: 19 LPA (Highest)Apply:https://kickcharm.com/tcs-nqt-2022-registration-started/,https://t.me/s/fresher_offcampus_drives,2025-11-18 04:54:16
26,"Company :EPAMRole :Junior Software Engineer-TraineeDegree :Any Graduate/BE/B.Tech (CSE/IT) or MCABatches :2025Experience :Fresherâ€™sSalary :3 â€“ 5 LPA* (Expected)Location :Bangalore, IndiaApply Link :https://offcampusjobdrives.com/epam-recruitment-for-junior-software-engineer-trainee/",https://t.me/s/fresher_offcampus_drives,2025-11-18 04:54:16
27,"Company :Infoane TechnologiesRole :Trainee Software EngineerDegree :B.E/B.Tech (CSE/ECE/IT/EEE)/MCA/BSC/MSCBatches :2025 â€“ 2022Experience :0 â€“ 2 Yearâ€™sSalary :3 â€“ 5 LPA* (Expected)Location :Hyderabad, IndiaApply Link :https://offcampusjobdrives.com/infoane-technologies-recruitment-for-trainee-software-engineer/",https://t.me/s/fresher_offcampus_drives,2025-11-18 04:54:16
28,"Company :SutherlandRole :Associate- Customer SupportDegree :Graduate, DiplomaBatches :2025,2024,2023,2022,2021Experience :Fresherâ€™s and upto 2 Yearâ€™sSalary :3 â€“ 6 LPA* (Expected)Location :Navi Mumbai, IndiaApply Link :https://offcampusjobdrives.com/sutherland-hiring-2025-associate-customer-support/",https://t.me/s/fresher_offcampus_drives,2025-11-18 04:54:16
29,"ğŸš¨Telus Digital Remote Hiring Freshers for Data AnalystLocation: Remote, IndiaQualification: Any GraduateSalary: Rs 4 - 5 LPA(Expected)Experience: FreshersApply:https://kickcharm.com/telus-digital-work-from-home-hiring/",https://t.me/s/fresher_offcampus_drives,2025-11-18 04:54:16
30,"Company :ConduentRole :App Dev & Support Engineer IDegree :Graduate/B.E/B.Tech (CSE/ECE/IT/EEE)/MCA/BSC/MSCBatches :2025 â€“ 2022Experience :6 Months â€“ 2 Yearâ€™sSalary :3 â€“ 8 LPA* (Expected)Location :Noida, Uttar Pradesh, IndiaApply Link :https://offcampusjobdrives.com/conduent-hiring-for-app-dev-support-engineer-i-2/",https://t.me/s/fresher_offcampus_drives,2025-11-18 04:54:16
31,"Company :Northern TrustRole :AnalystDegree :Graduate/B.E/B.Tech/B.Com/M.Com/BBA/MBABatches :2025 â€“ 2023Experience :0 â€“ 1 YearSalary :3 â€“ 5 LPA* (Expected)Location :Pune, Bangalore, IndiaApply Link :https://offcampusjobdrives.com/northern-trust-off-campus-hiring-for-analyst/",https://t.me/s/fresher_offcampus_drives,2025-11-18 04:54:16
32,"Company :VisaRole :SW EngineerDegree :Graduate/B.E/B.Tech/B.Com/M.Com/BBA/MBABatches :2025 â€“ 2021Experience :0 â€“ 2 Yearâ€™sSalary :3 â€“ 8 LPA* (Expected)Location :Bangalore, IndiaApply Link :https://offcampusjobdrives.com/visa-career-2025-sw-engineer-bangalore/",https://t.me/s/fresher_offcampus_drives,2025-11-18 04:54:16
33,"ğ—Ÿğ—§ğ—œğ— ğ—¶ğ—»ğ—±ğ˜ğ—¿ğ—²ğ—² ğ—¥ğ—²ğ—°ğ—¿ğ˜‚ğ—¶ğ˜ğ—ºğ—²ğ—»ğ˜ ğ——ğ—¿ğ—¶ğ˜ƒğ—² | ğ—”ğ—½ğ—½ğ—¹ğ˜† ğ—¡ğ—¼ğ˜„ğŸ˜Roles:- Hiring For Multiple RolesQualification:- Graduate/Post GraduateJob Location:- Across IndiaSalary Range:- 6 To 24 LPAğ—”ğ—½ğ—½ğ—¹ğ˜† ğ—¡ğ—¼ğ˜„ğŸ‘‡:-https://pdlink.in/4omWEqnSelect your experience & Complete the Registration ProcessSelect the company name "" LTIMindtree "" & Apply for the role that matches you",https://t.me/s/fresher_offcampus_drives,2025-11-18 04:54:16
34,"Company :Societe GeneraleRole :Software EngineerDegree :Graduate/B.E/B.Tech/B.Com/M.Com/BBA/MBABatches :2025 â€“ 2021Experience :0 â€“ 2 Yearâ€™sSalary :3 â€“ 8 LPA* (Expected)Location :Bangalore, India (Hybrid)Apply Link :https://offcampusjobdrives.com/societe-generale-recruitment-for-software-engineer-2/",https://t.me/s/fresher_offcampus_drives,2025-11-18 04:54:16
35,Register Now :Python ->https://gfgcdn.com/tu/W8m/Data Science ->https://gfgcdn.com/tu/W8n/Automation Testing ->https://gfgcdn.com/tu/W8o/CouponğŸ’¥ğŸ’¥Here's a 25% couponÂ code you can add in your post so audience can avail a discount:Code : GFGWINTERARC,https://t.me/s/fresher_offcampus_drives,2025-11-18 04:54:16
36,"Company :SamsungRole :Graduate Engineering Trainee â€“ MechanicalDegree :Graduate/BE / B.Tech MechanicalBatches :2026,2025,2024Experience :Fresherâ€™sSalary :3 â€“ 5 LPA* (Expected)Location :Mumbai, Maharashtra, IndiaApply Link :https://offcampusjobdrives.com/samsung-hiring-2025-graduate-engineering-trainee-mechanical/",https://t.me/s/fresher_offcampus_drives,2025-11-18 04:54:16
37,"Company :AmazonRole :Data Engineer IDegree :Graduate/BE /B.TechBatches :2024 and belowExperience :1+ Yearâ€™sSalary :4 â€“ 10 LPA* (Expected)Location :Hyderabad, IndiaApply Link :https://offcampusjobdrives.com/amazon-career-2025-data-engineer-i-hyderabad/",https://t.me/s/fresher_offcampus_drives,2025-11-18 04:54:16
18,Airbus InternshipPosition: Intern- Software EngineerQualifications: Bachelorâ€™s/ Masterâ€™s DegreeExperience: FreshersLocation: IndiağŸ“ŒApply Link:https://merademyjobs.com/index.php/2025/11/17/airbus-is-hiring-for-full-intern-software-engineer-apply-now/ğŸ‘‰WhatsApp Channel:https://chat.whatsapp.com/GFlsn1H7y9i2ftUrn5QvTE?mode=wwtğŸ‘‰Telegram Link:https://telegram.dog/merademy,https://t.me/s/merademy,2025-11-18 04:26:22
19,CiscoPosition:âœ…Finance Analyst Traineeâœ…Non-Technical Graduate ApprenticeQualifications: Bachelorâ€™s/ Masterâ€™s DegreeExperience: Entry LevelLocation: Bangalore Indiaï»¿ğŸ“ŒApply Now:https://merademyjobs.com/index.php/2025/11/17/cisco-is-hiring-for-finance-analyst-trainee-apply-now/ğŸ‘‰WhatsApp Channel:https://chat.whatsapp.com/GFlsn1H7y9i2ftUrn5QvTE?mode=wwtğŸ‘‰Telegram Link:https://telegram.dog/merademy,https://t.me/s/merademy,2025-11-18 04:26:22
20,"AlconPosition: Associate Software EngineerQualifications: Bachelorâ€™s/ Masterâ€™s DegreeExperience: 0-2 (Years)Location: Bangalore, IndiağŸ“ŒApply Now:https://merademyjobs.com/index.php/2025/11/17/alcon-is-hiring-for-associate-i-software-engineering-apply-now/ğŸ‘‰WhatsApp Channel:https://chat.whatsapp.com/GFlsn1H7y9i2ftUrn5QvTE?mode=wwtğŸ‘‰Telegram Link:https://telegram.dog/merademy",https://t.me/s/merademy,2025-11-18 04:26:22
1,"NatWest GroupPosition: Business AnalystQualifications: Bachelorâ€™s/ Masterâ€™s/ MBAExperience: Freshers/ ExperiencedLocation: Chennai, India (Hybrid)ğŸ“ŒApply Now:https://merademyjobs.com/index.php/2025/11/14/natwest-group-is-hiring-for-business-analyst-apply-now-11/ğŸ‘‰WhatsApp Channel:https://chat.whatsapp.com/GFlsn1H7y9i2ftUrn5QvTE?mode=wwtğŸ‘‰Telegram Link:https://telegram.dog/merademy",https://t.me/s/merademy,2025-11-18 04:26:21
2,"#adğ—™ğ—¥ğ—˜ğ—˜ ğ— ğ—®ğ˜€ğ˜ğ—²ğ—¿ğ—°ğ—¹ğ—®ğ˜€ğ˜€ ğ—¢ğ—» ğ—Ÿğ—®ğ˜ğ—²ğ˜€ğ˜ ğ—§ğ—²ğ—°ğ—µğ—»ğ—¼ğ—¹ğ—¼ğ—´ğ—¶ğ—²ğ˜€ğŸ˜- Data Science- UI/UX- Full-stack DevelopmentGet Job-Ready Guidance in Your Tech Journeyğ—¥ğ—²ğ—´ğ—¶ğ˜€ğ˜ğ—²ğ—¿ ğ—™ğ—¼ğ—¿ ğ—™ğ—¥ğ—˜ğ—˜ğŸ‘‡:-https://pdlink.in/4hV8UeEDate :- November 16th, 2025",https://t.me/s/merademy,2025-11-18 04:26:21
3,"ServiceNowPosition: Software EngineerQualifications: Bachelorâ€™s/ Masterâ€™s DegreeLocation: Hyderabad, India (Flexible)ğŸ“ŒApply Now:https://merademyjobs.com/index.php/2025/11/14/servicenow-is-hiring-for-software-engineer-apply-now-12/ğŸ‘‰WhatsApp Channel:https://chat.whatsapp.com/GFlsn1H7y9i2ftUrn5QvTE?mode=wwtğŸ‘‰Telegram Link:https://telegram.dog/merademy",https://t.me/s/merademy,2025-11-18 04:26:21
4,KPMGPosition: Associate  - Data AnalyticsQualification: Bachelorâ€™s DegreeLocation: Bangalore/ Gurgaon/ MumbaiğŸ“ŒApply Now:https://merademyjobs.com/index.php/2025/11/14/kpmg-is-hiring-for-executive-data-analytics-apply-now/ğŸ‘‰WhatsApp Channel:https://chat.whatsapp.com/GFlsn1H7y9i2ftUrn5QvTE?mode=wwtğŸ‘‰Telegram Link:https://telegram.dog/merademy,https://t.me/s/merademy,2025-11-18 04:26:21
5,"QualcommPosition: Automotive Test EngineerQualifications: Bachelorâ€™s DegreeExperience: Entry LevelLocation: Bangalore, IndiağŸ“ŒApply Now:https://merademyjobs.com/index.php/2025/11/14/qualcomm-is-hiring-for-automotive-test-engineer-apply-now/ğŸ‘‰WhatsApp Channel:https://chat.whatsapp.com/GFlsn1H7y9i2ftUrn5QvTE?mode=wwtğŸ‘‰Telegram Link:https://telegram.dog/merademy",https://t.me/s/merademy,2025-11-18 04:26:21
6,IDFC FIRST BankPosition: Associate Data ScientistQualification: Bachelorâ€™s/ Masterâ€™s DegreeExperiencï»¿e: Freshers (0 - 2 Years)Location: IndiağŸ“ŒApply Now:https://merademyjobs.com/index.php/2025/11/14/idfc-first-bank-is-hiring-for-associate-data-scientist-apply-now-2/ğŸ‘‰WhatsApp Channel:https://chat.whatsapp.com/GFlsn1H7y9i2ftUrn5QvTE?mode=wwtğŸ‘‰Telegram Link:https://telegram.dog/merademy,https://t.me/s/merademy,2025-11-18 04:26:21
7,"#adğ—–ğ—®ğ—½ğ—´ğ—²ğ—ºğ—¶ğ—»ğ—¶ ğ—¥ğ—²ğ—°ğ—¿ğ˜‚ğ—¶ğ˜ğ—ºğ—²ğ—»ğ˜ ğ——ğ—¿ğ—¶ğ˜ƒğ—² | ğ—”ğ—½ğ—½ğ—¹ğ˜† ğ—¡ğ—¼ğ˜„ğŸ˜Role :- Multiple RolesQualification:- Graduate/Post GraduateSalary Range:- 5.6 To 23LPAJob Location:- Across Indiağ—”ğ—½ğ—½ğ—¹ğ˜† ğ—¡ğ—¼ğ˜„ğŸ‘‡:-https://pdlink.in/4omWEqnSelect your experience & Complete the Registration ProcessSelect the company name as "" Capgemini"" & apply for the role that matches you",https://t.me/s/merademy,2025-11-18 04:26:21
8,"AccenturePosition: Analytics & AssociateQualifications: Any GraduationExperience: 0 to 2 (Years)Location: Gurugram, IndiağŸ“ŒApply Link:https://merademyjobs.com/index.php/2025/11/15/accenture-is-hiring-for-analytics-and-modeling-associate-apply-now-5/ğŸ‘‰WhatsApp Channel:https://chat.whatsapp.com/GFlsn1H7y9i2ftUrn5QvTE?mode=wwtğŸ‘‰Telegram Link:https://telegram.dog/merademy",https://t.me/s/merademy,2025-11-18 04:26:21
9,"OraclePosition: Software Developer 1Qualification: Bachelorâ€™s/ Masterâ€™s DegreeExperiencï»¿e: Freshers/ ExperiencedLocation: Bangalore, IndiağŸ“ŒApplyÂ Now:https://merademyjobs.com/index.php/2025/11/15/oracle-is-hiring-for-software-developer-apply-now-26/ğŸ‘‰WhatsApp Channel:https://chat.whatsapp.com/GFlsn1H7y9i2ftUrn5QvTE?mode=wwtğŸ‘‰Telegram Link:https://telegram.dog/merademy",https://t.me/s/merademy,2025-11-18 04:26:21
10,"HSBCPosition: Business AnalystQualifications: Bachelorâ€™s/ Masterâ€™s DegreeExperience: Freshers/ ExperiencedLocation: Bangalore, India (Hybrid)ğŸ“ŒApply Now:https://merademyjobs.com/index.php/2025/11/15/hsbc-is-hiring-for-business-analyst-apply-now-22/ğŸ‘‰WhatsApp Channel:https://chat.whatsapp.com/GFlsn1H7y9i2ftUrn5QvTE?mode=wwtğŸ‘‰Telegram Link:https://telegram.dog/merademy",https://t.me/s/merademy,2025-11-18 04:26:21
11,"Societe GeneralePosition: Software EngineerQualifications: Bachelorâ€™s/ Masterâ€™s DegreeExperience: 0-2 (Years)Location: Bangalore, India (Hybrid)ğŸ“ŒApply Link:https://merademyjobs.com/index.php/2025/11/15/societe-generale-is-hiring-for-software-engineer-apply-now-2/ğŸ‘‰WhatsApp Channel:https://chat.whatsapp.com/GFlsn1H7y9i2ftUrn5QvTE?mode=wwtğŸ‘‰Telegram Link:https://telegram.dog/merademy",https://t.me/s/merademy,2025-11-18 04:26:21
12,"QualcommPosition: Finance AnalystQualifications: Bachelor's Degree/ ICWA / MBAExperience: ExperiencedLocation: Bangalore, IndiağŸ“ŒApply Now:https://merademyjobs.com/index.php/2025/11/15/qualcomm-is-hiring-for-finance-analyst-apply-now/ğŸ‘‰WhatsApp Channel:https://chat.whatsapp.com/GFlsn1H7y9i2ftUrn5QvTE?mode=wwtğŸ‘‰Telegram Link:https://telegram.dog/merademy",https://t.me/s/merademy,2025-11-18 04:26:21
13,"CitiPosition: Business Analytics, AnalystQualification: Bachelorâ€™s/ Masterâ€™s DegreeExperiencï»¿e: Freshers (0 - 2 Years)Location: Bengaluru, India (Hybrid)ğŸ“ŒApply Now:https://merademyjobs.com/index.php/2025/11/16/citi-is-hiring-for-business-analytics-analyst-apply-now-27/ğŸ‘‰WhatsApp Channel:https://chat.whatsapp.com/GFlsn1H7y9i2ftUrn5QvTE?mode=wwtğŸ‘‰Telegram Link:https://telegram.dog/merademy",https://t.me/s/merademy,2025-11-18 04:26:21
14,"#adğ—ªğ—¶ğ—½ğ—¿ğ—¼ ğ—¥ğ—²ğ—°ğ—¿ğ˜‚ğ—¶ğ˜ğ—ºğ—²ğ—»ğ˜ ğ——ğ—¿ğ—¶ğ˜ƒğ—² | ğ—”ğ—½ğ—½ğ—¹ğ˜† ğ—¡ğ—¼ğ˜„ğŸ˜Roles :- Multiple RolesQualification:- Graduate/Post GraduateSalary:- 5 To 21 LPAJob Location: PAN Indiağ—”ğ—½ğ—½ğ—¹ğ˜† ğ—¡ğ—¼ğ˜„ğŸ‘‡:-https://pdlink.in/4omWEqnSelect your experience & Complete the Registration ProcessSelect the company name "" Wipro "" & Apply for the role that matches you",https://t.me/s/merademy,2025-11-18 04:26:21
15,"DeloittePosition: Associate AnalystQualifications: Any GraduationExperience: Freshers (0 - 1 Years)Location: Bengaluru, IndiağŸ“ŒApply Now:https://merademyjobs.com/index.php/2025/11/17/deloitte-is-hiring-for-associate-analyst-apply-now-14/ğŸ‘‰WhatsApp Channel:https://chat.whatsapp.com/GFlsn1H7y9i2ftUrn5QvTE?mode=wwtğŸ‘‰Telegram Link:https://telegram.dog/merademy",https://t.me/s/merademy,2025-11-18 04:26:21
16,EmersonPosition: Network EngineerQualifications: Bachelorâ€™s/ Masterâ€™s DegreeExperience: Freshers/ ExperiencedLocation: IndiağŸ“ŒApply Link:https://merademyjobs.com/index.php/2025/11/17/emerson-is-hiring-for-network-engineer-apply-now/ğŸ‘‰WhatsApp Channel:https://chat.whatsapp.com/GFlsn1H7y9i2ftUrn5QvTE?mode=wwtğŸ‘‰Telegram Link:https://telegram.dog/merademy,https://t.me/s/merademy,2025-11-18 04:26:21
17,"WiproPosition: Data AnalystQualification: Bachelorâ€™s DegreeExperiencï»¿e: 1-3 (Years)Location: Hyderabad, IndiağŸ“ŒApply Now:https://merademyjobs.com/index.php/2025/11/17/wipro-is-hiring-for-data-analyst-apply-now-15/ğŸ‘‰WhatsApp Channel:https://chat.whatsapp.com/GFlsn1H7y9i2ftUrn5QvTE?mode=wwtğŸ‘‰Telegram Link:https://telegram.dog/merademy",https://t.me/s/merademy,2025-11-18 04:26:21
